,carrier_delay,weather_delay,nas_delay,security_delay,late_aircraft_delay
year,,,,,
month,9.458906726650686e-05,-0.01921320225949643,-0.026487619750710668,0.001099183316515819,-0.008398587068418482
day_of_month,-0.00047280713740343623,0.0018700853145053851,-0.006429940865280538,-0.0001312203893012023,0.008444782832065591
day_of_week,0.014264676598824971,0.011647873503998747,0.012276984733579004,0.0072600739239989925,0.028010153379998463
op_carrier_fl_num,-0.006660835165762913,0.03889770044126267,-0.01597813718737805,0.002203551155157266,-0.0016557912552696303
crs_dep_time,-0.009992272101959368,0.02036237986123226,0.029456142745386042,-0.007460202436615018,0.10877840832157634
dep_time,0.028200073721215562,-0.005209715676974257,0.0699934533999033,-0.005651613192051709,0.12931101402092365
dep_delay,0.6800192627000959,0.3228591667236129,0.24643392939070494,0.00564096582600322,0.6381641304239409
taxi_out,0.027854940862270958,0.03711109357268157,0.3089157295355801,-0.0029969973376610458,0.039603013295569804
wheels_off,0.021617285044648136,-0.0029267490904057248,0.06871004021435084,-0.005354386929357542,0.12037352952971633
wheels_on,-0.022609162515892754,-0.007954551575398297,0.04707794022665214,0.0011368790439540961,-0.0009641833416928906
taxi_in,0.020638971710687945,0.004661286500374529,0.26528949415538927,-0.007306941861024624,0.022248431326827044
crs_arr_time,-0.0052502221596905044,0.013100583039140122,0.03709569558194118,-0.0016342656720935139,0.08700945647835896
arr_time,-0.022492304124095232,-0.007024812725559612,0.04889789985533864,0.0012336371299583057,-0.003103699988800483
arr_delay,0.657717380734506,0.3170302142481567,0.3553198092703573,0.0059869396432661376,0.6226515665158586
cancelled,,,,,
cancellation_code,,,,,
diverted,,,,,
crs_elapsed_time,0.005458446888160165,-0.01866000040442041,0.022130822921523206,0.0060263149484702004,0.006310492519739398
actual_elapsed_time,0.010188887952487029,-0.012750590760675931,0.11350765448045234,0.006468562031539008,0.01490176319217138
air_time,0.00457251278662632,-0.018717044140526117,0.04760309999271228,0.007799707489296196,0.007636808035230634
distance,0.0036862963254455186,-0.021280178514003326,0.014197304219524136,0.006280050422188443,0.004079465557961106
