feature,target,cramers_v
op_unique_carrier,carrier_delay,0.08038665531799825
op_unique_carrier,weather_delay,0.06978762724840754
op_unique_carrier,nas_delay,0.0871025229056954
op_unique_carrier,security_delay,0.031835638229078096
op_unique_carrier,late_aircraft_delay,0.13230660975904054
origin,carrier_delay,0.08301232169505032
origin,weather_delay,0.07285181318204736
origin,nas_delay,0.07194042544062855
origin,security_delay,0.06103571054823069
origin,late_aircraft_delay,0.09546363847116093
origin_city_name,carrier_delay,0.08201752414234552
origin_city_name,weather_delay,0.07217201896815896
origin_city_name,nas_delay,0.07028759071251417
origin_city_name,security_delay,0.06097152186480421
origin_city_name,late_aircraft_delay,0.09393088923216229
origin_state_nm,carrier_delay,0.061893829283404006
origin_state_nm,weather_delay,0.053857191031851624
origin_state_nm,nas_delay,0.05634765788618902
origin_state_nm,security_delay,0.025475309685533513
origin_state_nm,late_aircraft_delay,0.08095880258820236
dest,carrier_delay,0.05088954125097255
dest,weather_delay,0.050443781683273126
dest,nas_delay,0.08685888808567696
dest,security_delay,0.01976806052180006
dest,late_aircraft_delay,0.06935449613069115
dest_city_name,carrier_delay,0.05012554605186236
dest_city_name,weather_delay,0.049776655403426906
dest_city_name,nas_delay,0.08519240352428355
dest_city_name,security_delay,0.01958884081418325
dest_city_name,late_aircraft_delay,0.06676432813918284
dest_state_nm,carrier_delay,0.03894682286864984
dest_state_nm,weather_delay,0.0312440627381208
dest_state_nm,nas_delay,0.059904745861382794
dest_state_nm,security_delay,0.014519958948443747
dest_state_nm,late_aircraft_delay,0.0528848824454185
